smpl_date,sub_plot,chamber,LICOR_CO2_data_file_name,raw_start_time,raw_end_time,air_temp_c,atmp_Kpa,soil_temp_c,soil_moisture,pH1,pH2,pH3,pH4,pH5,soil_collar_height,soil_collar_height2,soil_collar_height3,soil_collar_height4,ave_collar_height,water_height_above_soil,floating_chamber_used,floating_collar_height,flux_notes,Dissolve_gases,replica,flooded_chamber,date_time,fDOY,collar_number,chmb_type,collar_area_m2,lid_height_cm,final_collar_height_cm,end_date_time,end_fDOY,fluxlength_fDOY,full_collar_and_lid_ht,total_vol_L,ave_pH,measurement_code,more_than_2_reps,CH4_adjusted_start_time,CH4_adjusted_end_time,use_auto_filter_CH4,CO2_adjusted_start_time,CO2_adjusted_end_time,use_auto_filter_CO2,plot_code,plot_number,d_chamber,no_dash_LICOR_CO2_name,atmp_mb,instr,tubing_length_meters,field_workers,flooded_site,site_comments,CH4flux_ID,CO2flux_ID,dissolved_gas_ID,Final_CO2_file_status,LICOR_start_datetime,LICOR_end_datetime,First_CH4_file_status,Revised_CH4_file_status,revised_sampling_datetime,Final_CH4_file_status,chamber_names,Site,Plot_number,start_date_time,start_fDOY,flux_period_fDOY,CH4_intercept,CH4_slope,CH4_mean,CH4_std_dev,CH4_pvalue,CH4_rsquared,CO2_intercept,CO2_slope,CO2_mean,CO2_std_dev,CO2_pvalue,CO2_rsquared,H2O_intercept,H2O_slope,H2O_mean,H2O_std_dev,H2O_pvalue,H2O_rsquared,initial_reg_start_time,initial_reg_end_time,filtered_reg_start_time,filtered_reg_end_time,CH4_ppm_start,CH4_ppm_end,CO2_ppm_start,CO2_ppm_end,H2O_ppm_start,H2O_ppm_end,peak_time_fDOY,cycle_no,chamber_no,peak_fell_out_of_window,peak_repeated_flag,CH4_filtered_flux_period_sec,CH4_exp_t0_slope,CH4_exp_Cmax,CH4_exp_alpha,CH4_exp_pvalue,CH4_exp_rsquared,CH4_exp_iters,CH4_Exp_fit_status,number_of_filtering_iterations,preceeding_max_CH4ppm,CO2_intercept_LICOR,CO2_slope_LICOR,CO2_mean_LICOR,CO2_std_dev_LICOR,CO2_pvalue_LICOR,CO2_rsquared_LICOR,CO2_filtered_flux_period_sec,CO2_exp_t0_slope,CO2_exp_Cmax,CO2_exp_alpha,CO2_exp_pvalue,CO2_exp_rsquared,CO2_exp_iters,CO2_Exp_fit_status,initial_LICORCO2_reg_start_time,initial_LICORCO2_reg_end_time,filtered_LICORCO2_reg_start_time,filtered_LICORCO2_reg_end_time,CO2_ppm_start_LICOR,CO2_ppm_end_LICOR,peak_time_fDOY_LICOR,chamber_no_LICOR,simple_chamber_name,LICOR_CO2_filename,peak_repeated_flag_LICOR,peak_fell_out_of_window_LICOR,LICOR_preceeding_max_CO2ppm,LICOR_CO2_file_small_or_does_not_exist,Inst_filename,Date_time,chamber_inst_tubing_vol_L,CH4_STPflux_mgC_per_hr_m2_linear,CH4_fieldflux_mgC_per_hr_m2_linear,CH4_STPflux_mgC_per_hr_m2_exponential,CH4_fieldflux_mgC_per_hr_m2_exponential,CO2_STPflux_mgC_per_hr_m2_linear,CO2_fieldflux_mgC_per_hr_m2_linear,CO2_STPflux_mgC_per_hr_m2_exponential,CO2_fieldflux_mgC_per_hr_m2_exponential,flag_CH4_possibly_okay_run,flag_CH4_good_run,flag_CO2_possibly_okay_run,flag_CO2_good_run,flag_CH4_low_lin_r2,flag_CH4_low_exp_r2,flag_CO2_low_lin_r2,flag_CO2_low_exp_r2,flag_CH4_start_too_low,flag_CH4_std_dev_low,flag_CH4_std_dev_high,flag_CH4_high_start_false_consumption,flag_CO2_start_too_high,flag_CO2_start_too_low,flag_CO2_std_dev_low,flag_CO2_std_dev_high,flag_CO2_high_start_false_consumption,flag_CH4_flux_too_short,flag_CO2_flux_too_short,CH4_rsq_diff,CO2_rsq_diff,flag_CH4_alpha_neg,flag_CH4_alpha_too_high,flag_CH4_alpha_too_low_pos_flux,flag_CO2_alpha_neg,flag_CO2_alpha_too_high,flag_CO2_alpha_too_low_pos_flux,flag_bad_CH4_exp_fit_1,flag_bad_CH4_exp_fit_2,flag_bad_CH4_exp_fit_3_use_lin_or_set_to_no_flux,flag_bad_CH4_exp_fit_4,flag_bad_CH4_exp_fit_compiled,flag_CH4_zero_flux,flag_CO2_data_missing_or_bad_measurement,flag_CO2_zero_flux,flag_bad_CO2_exp_fit_compiled,No_QAQC_CO2_flux_category,No_QAQC_CO2_finalflux_mgC_per_hr_m2,No_QAQC_CH4_flux_category,No_QAQC_CH4_finalflux_mgC_per_hr_m2,Final_CH4_flux_category,Final_CO2_flux_category,Final_CH4_flux_valid_or_not,Final_CO2_flux_valid_or_not,CH4_finalflux_mgC_per_hr_m2,CO2_finalflux_mgC_per_hr_m2
2023-05-05,12,A1,12A-1,08:31:19,08:37:20,26.4,101.01,25.8,NA,4.4,4.7,4.6,4.3,4.2,5.1,4.8,5.5,5.8,5.3,4.8,NO,NA,NA,NA,1,Yes,2023-05-05T03:31:19Z,124.14674768519944,23,static-pvc,0.032429354496,3,5.3,2023-05-05T03:37:20Z,124.35925925922561,0.00417824069586458,8.3,2.691636423168,4.44,TOT,FALSE,08:31:19,08:37:20,YES,08:31:19,08:37:20,YES,QUI-02,2,12-A1,12A1,1010.1,PICO_CH4_with_LICOR_CO2,5,"Franco, Diego",NA,none.,CH4_QUI-02_2023-05-05_12_23_1,CO2_QUI-02_2023-05-05_12_23_1_12A-1,dG_QUI-02_2023-05-05_12_23_1_NA,Present,2023-05-05T09:11:23Z,2023-05-05T09:18:18Z,Gases de suelo_CH4_QUI_02_2023_05/Pico100002_230505_082329.txt,NA,NA,Gases de suelo_CH4_QUI_02_2023_05/Pico100002_230505_082329.txt,QUI-02_12_23_1,QUI,2,2023-05-05T03:31:19Z,124.35508101852975,0.004178240695864588,-694.7370943216778,81.90637125940471,8.48142290909091,1.8651844580030625,8.641258151845703e-276,0.9901255560094179,NA,598.9726774460788,583.2805460750853,13.619383234962617,2.2026838063202012e-281,0.9879715090042354,26227.536697838746,233.35573290395405,28231.04472727273,184.54799980776218,0.6361587536752652,8.209500608602413e-4,08:32:47,08:37:28,08:32:47,08:37:28,5.40778,11.904,560.1,608,28025.8,27994.4,124.387685185164,1,1,TRUE,FALSE,281.0880005672516,79.55359183078792,3746.964383890337,0.021262164455315452,0.9610820754615825,0.9950352512737939,91,Success,1,5.363064,-4963.501163459907,598.9726774460788,583.2805460750853,13.619383234962617,2.2026838063202012e-281,0.9879715090042354,281.00000472839923,663.973459149762,816.569829047341,2.5888950042041827,1.0506073948762982e-8,0.9940985887398892,33,Success,09:13:24,09:18:05,09:13:24,09:18:05,560.1,608,124.387685185164,1,12-A1,12A1,FALSE,FALSE,561.6,FALSE,PICO_CH4_data_soil_QUI-02_2023-05-05.csv,2023-05-05T09:18:15Z,2.846347817968,3.5260970182773845,3.498706452118332,3.424809067165066,3.3982053013440856,25.78597659128661,25.585672262126533,28.58428225453181,28.362240810367503,TRUE,TRUE,TRUE,FALSE,FALSE,FALSE,FALSE,FALSE,FALSE,FALSE,FALSE,FALSE,FALSE,FALSE,FALSE,FALSE,FALSE,FALSE,FALSE,0.004909695264376013,0.006127079735653851,FALSE,FALSE,TRUE,FALSE,FALSE,FALSE,FALSE,TRUE,no_classification,TRUE,TRUE,FALSE,FALSE,FALSE,FALSE,Exponential_field,28.362240810367503,Linear_field,3.498706452118332,Linear_field,Exponential_field,TRUE,TRUE,3.498706452118332,28.362240810367503
2023-05-05,12,A2,12A-2,08:37:39,08:43:19,26.4,101.01,25.8,NA,4.4,4.7,4.6,4.3,4.2,5.1,4.8,5.5,5.8,5.3,4.8,NO,NA,NA,NA,2,Yes,2023-05-05T03:37:39Z,124.15114583333092,23,static-pvc,0.032429354496,3,5.3,2023-05-05T03:43:19Z,124.36341435187956,0.00393518521832447,8.3,2.691636423168,4.44,TOT,FALSE,08:37:39,08:43:19,YES,08:37:39,08:43:19,YES,QUI-02,2,12-A2,12A2,1010.1,PICO_CH4_with_LICOR_CO2,5,"Franco, Diego",NA,none.,CH4_QUI-02_2023-05-05_12_23_2,CO2_QUI-02_2023-05-05_12_23_2_12A-2,dG_QUI-02_2023-05-05_12_23_2_NA,Present,2023-05-05T09:18:33Z,2023-05-05T09:24:43Z,Gases de suelo_CH4_QUI_02_2023_05/Pico100002_230505_082329.txt,NA,NA,Gases de suelo_CH4_QUI_02_2023_05/Pico100002_230505_082329.txt,QUI-02_12_23_2,QUI,2,2023-05-05T03:37:39Z,124.35947916666123,0.003935185218324477,-703.9547682041554,81.97907384830427,8.300736823529412,1.7236636036835877,0,0.9991866376534592,NA,594.7014360351437,576.0192028985507,12.943247902725565,5.262922913966542e-260,0.9869067026109637,-22317.37994962067,5826.0491716027955,28300.84980392157,126.23266946600079,2.0181650075172914e-157,0.9409149814524462,08:39:07,08:43:28,08:39:07,08:43:28,5.25547,11.1513,555.4,597.3,28096,28437.1,124.392187500024,1,2,TRUE,FALSE,260.60799445258453,88.6466706089066,45.85275563064443,2.183561517275249,7.764204420321647e-70,0.9998095898475576,30,Success,1,12.04837,-4997.690723446481,594.7014360351437,576.0192028985507,12.943247902725565,5.262922913966542e-260,0.9869067026109637,260.9999961241684,604.5660146628571,1224.2005321614442,0.9039556423632131,0.08379383188418009,0.9936255932172516,53,Success,09:20:14,09:24:35,09:20:14,09:24:35,555.4,597.3,124.392187500024,2,12-A2,12A2,FALSE,TRUE,609.19,FALSE,PICO_CH4_data_soil_QUI-02_2023-05-05.csv,2023-05-05T09:24:45Z,2.846347817968,3.5292268893484375,3.5018120104889134,3.816269187708546,3.786624576932139,25.60209820219595,25.403222232254432,26.02677165251376,25.824596837935626,TRUE,TRUE,TRUE,FALSE,FALSE,FALSE,FALSE,FALSE,FALSE,FALSE,FALSE,FALSE,FALSE,FALSE,FALSE,FALSE,FALSE,FALSE,FALSE,6.229521940984695e-4,0.006718890606287942,FALSE,FALSE,FALSE,FALSE,FALSE,TRUE,FALSE,FALSE,no_classification,TRUE,TRUE,FALSE,FALSE,FALSE,TRUE,Linear_field,25.403222232254432,Linear_field,3.5018120104889134,Linear_field,Linear_field,TRUE,TRUE,3.5018120104889134,25.403222232254432
2023-05-05,12,B1,12B-1,08:44:39,08:50:40,26.4,101.01,26,NA,4.2,3.9,3.9,4,3.8,7.1,7.1,7.5,6.8,7.125,4,NO,NA,NA,NA,1,Yes,2023-05-05T03:44:39Z,124.15600694445855,24,static-pvc,0.032429354496,3,7.125,2023-05-05T03:50:40Z,124.36851851848473,0.00417824069586458,10.125,3.2834721427199995,3.96,TOT,FALSE,08:44:39,08:50:40,YES,08:44:39,08:50:40,YES,QUI-02,2,12-B1,12B1,1010.1,PICO_CH4_with_LICOR_CO2,5,"Franco, Diego",NA,none.,CH4_QUI-02_2023-05-05_12_24_1,CO2_QUI-02_2023-05-05_12_24_1_12B-1,dG_QUI-02_2023-05-05_12_24_1_NA,Present,2023-05-05T09:25:42Z,2023-05-05T09:31:34Z,Gases de suelo_CH4_QUI_02_2023_05/Pico100002_230505_082329.txt,NA,NA,Gases de suelo_CH4_QUI_02_2023_05/Pico100002_230505_082329.txt,QUI-02_12_24_1,QUI,2,2023-05-05T03:44:39Z,124.36434027778887,0.004178240695864588,-755.2436767898288,86.77762433680007,9.03451309090909,1.9644259663086223,0,0.9999557635263571,NA,1093.9343181687416,604.6737913486005,24.678667564981787,0,0.9970069401799312,6987.549068434198,2460.255875766058,28655.806545454547,62.60159358230791,6.375600239309608e-95,0.7914552878996749,08:46:05,08:50:46,08:46:05,08:50:46,5.61851,12.3956,563,643.1,28546.7,28703.6,124.396932870361,1,3,FALSE,FALSE,280.88300439412706,88.91582546575663,150.8243362028691,0.6123433734782175,3.430775556499783e-117,0.9999930168681161,59,Success,1,12.06076,-9770.87027184873,1093.9343181687416,604.6737913486005,24.678667564981787,0,0.9970069401799312,280.0000057322841,1077.0831150301851,9860.622688928812,0.11584500157365246,0.5710291230030542,0.9985123408348746,95,Success,09:26:44,09:31:24,09:26:44,09:31:24,563,643.1,124.396932870361,3,12-B1,12B1,FALSE,TRUE,599.63,FALSE,PICO_CH4_data_soil_QUI-02_2023-05-05.csv,2023-05-05T09:31:34Z,3.4381835375199996,4.512585213680816,4.477531650717857,4.623775337542194,4.587858054599874,56.88645969088649,56.444568180346415,56.01016824252134,55.57508372531315,TRUE,TRUE,TRUE,FALSE,FALSE,FALSE,FALSE,FALSE,FALSE,FALSE,FALSE,FALSE,FALSE,FALSE,FALSE,FALSE,FALSE,FALSE,FALSE,3.725334175908035e-5,0.001505400654943423,FALSE,FALSE,TRUE,FALSE,FALSE,TRUE,FALSE,TRUE,no_classification,TRUE,TRUE,FALSE,FALSE,FALSE,TRUE,Linear_field,56.444568180346415,Linear_field,4.477531650717857,Linear_field,Linear_field,TRUE,TRUE,4.477531650717857,56.444568180346415
2023-05-05,12,B2,12B-2,08:51:39,08:57:39,26.4,101.01,26,NA,4.2,3.9,3.9,4,3.8,7.1,7.1,7.5,6.8,7.125,4,NO,NA,NA,NA,2,Yes,2023-05-05T03:51:39Z,124.1608680555862,24,static-pvc,0.032429354496,3,7.125,2023-05-05T03:57:39Z,124.37336805554992,0.00416666663340947,10.125,3.2834721427199995,3.96,TOT,FALSE,08:51:39,08:57:39,YES,08:51:39,08:57:39,YES,QUI-02,2,12-B2,12B2,1010.1,PICO_CH4_with_LICOR_CO2,5,"Franco, Diego",NA,none.,CH4_QUI-02_2023-05-05_12_24_2,CO2_QUI-02_2023-05-05_12_24_2_12B-2,dG_QUI-02_2023-05-05_12_24_2_NA,Present,2023-05-05T09:31:59Z,2023-05-05T09:36:55Z,Gases de suelo_CH4_QUI_02_2023_05/Pico100002_230505_082329.txt,NA,NA,Gases de suelo_CH4_QUI_02_2023_05/Pico100002_230505_082329.txt,QUI-02_12_24_2,QUI,2,2023-05-05T03:51:39Z,124.36920138891651,0.004166666633409477,-847.2961155171694,96.07875481283673,10.656834050632911,1.8739281073380747,0,0.9999079411510079,NA,1104.814989612754,585.3253012048193,22.009910392778192,0,0.9967909274113795,4015.168488187887,2835.499933802271,29335.28776371308,65.04504549048438,2.0259326171106194e-67,0.7228396645256501,08:53:07,08:57:47,08:53:45,08:57:47,7.3911,13.8594,524.5,623,29351.4,29447.9,124.400648148144,1,4,TRUE,FALSE,241.76700405223528,99.45851104780903,104.37936268044713,1.0254695599146957,6.788555347930088e-123,0.9999908903925936,65,Success,3,12.52349,-9996.285221595983,1104.814989612754,585.3253012048193,22.009910392778192,0,0.9967909274113795,249.99999999634284,955.9307709605011,278.0474764603122,-3.5202426348315283,4.7753499486496136e-27,0.9980528234460462,12,Success,09:32:06,09:36:45,09:32:06,09:36:45,524.5,623,124.400648148144,4,12-B2,12B2,FALSE,TRUE,649.4818181818182,FALSE,PICO_CH4_data_soil_QUI-02_2023-05-05.csv,2023-05-05T09:36:55Z,3.4381835375199996,4.996259941785579,4.957449214861747,5.172013059347173,5.13183708995574,57.45227325686525,57.0059865314935,49.71003867997716,49.32389329141434,TRUE,TRUE,TRUE,FALSE,FALSE,FALSE,FALSE,FALSE,FALSE,FALSE,FALSE,FALSE,FALSE,FALSE,FALSE,FALSE,FALSE,FALSE,FALSE,8.294924158569472e-5,0.001261896034666643,FALSE,FALSE,FALSE,TRUE,FALSE,TRUE,FALSE,FALSE,no_classification,TRUE,TRUE,FALSE,FALSE,FALSE,TRUE,Linear_field,57.0059865314935,Linear_field,4.957449214861747,Linear_field,Linear_field,TRUE,TRUE,4.957449214861747,57.0059865314935
2023-05-05,10,A1,10A-1,09:06:19,09:12:20,27.5,100.83,25.7,NA,4.8,3.9,3.9,3.6,3.2,3,3.2,3.5,3.5,3.3,5.3,NO,NA,NA,NA,1,Yes,2023-05-05T04:06:19Z,124.17105324075465,21,static-pvc,0.032429354496,3,3.3,2023-05-05T04:12:20Z,124.38356481478081,0.00417824069586458,6.3,2.043049333248,3.88,TOT,FALSE,09:06:19,09:12:20,YES,09:06:19,09:12:20,YES,QUI-02,2,10-A1,10A1,1008.3,PICO_CH4_with_LICOR_CO2,5,"Franco, Diego",NA,none.,CH4_QUI-02_2023-05-05_10_21_1,CO2_QUI-02_2023-05-05_10_21_1_10A-1,dG_QUI-02_2023-05-05_10_21_1_NA,Present,2023-05-05T09:46:34Z,2023-05-05T09:53:21Z,Gases de suelo_CH4_QUI_02_2023_05/Pico100002_230505_082329.txt,NA,NA,Gases de suelo_CH4_QUI_02_2023_05/Pico100002_230505_082329.txt,QUI-02_10_21_1,QUI,2,2023-05-05T04:06:19Z,124.37938657408495,0.004178240695864588,-808.3271171513867,89.24140963584068,9.87054115942029,2.0264520001825215,0,0.9997920551250377,NA,1001.9468026238247,581.4142857142857,22.66073324428914,0,0.9970203156195759,16353.17484742063,1434.8787587867307,29508.66449275362,54.17507484674908,1.5647630897804719e-28,0.3616436580612441,09:07:45,09:12:27,09:07:45,09:12:27,6.30732,13.2959,541.1,619.9,29331.3,29523.6,124.412037037052,1,5,FALSE,FALSE,281.7029962570814,94.57536196107571,71.03360472054261,1.461158513413944,1.4749473675741975e-158,0.9999820905542567,48,Success,1,20.677799999999998,-9283.76203776419,1001.9468026238247,581.4142857142857,22.66073324428914,0,0.9970203156195759,280.9999975579558,1159.2081125892628,863.5884914564069,3.594572033730888,6.63020497675579e-63,0.9987752172701787,29,Success,09:48:29,09:53:10,09:48:29,09:53:10,541.1,619.9,124.412037037052,5,10-A1,10A1,FALSE,FALSE,549.6272727272727,FALSE,PICO_CH4_data_soil_QUI-02_2023-05-05.csv,2023-05-05T09:53:20Z,2.1977607280480003,2.9664390759720742,2.9274008432941154,3.1437429158768473,3.102371370975164,33.30532495482801,32.8670280636048,38.53278714893342,38.02569704125697,TRUE,TRUE,TRUE,FALSE,FALSE,FALSE,FALSE,FALSE,FALSE,FALSE,FALSE,FALSE,FALSE,FALSE,FALSE,FALSE,FALSE,FALSE,FALSE,1.900354292190265e-4,0.0017549016506027693,FALSE,FALSE,FALSE,FALSE,FALSE,FALSE,FALSE,FALSE,no_classification,TRUE,TRUE,FALSE,FALSE,FALSE,TRUE,Linear_field,32.8670280636048,Linear_field,2.9274008432941154,Linear_field,Linear_field,TRUE,TRUE,2.9274008432941154,32.8670280636048
2023-05-05,10,A2,10A-2,09:12:59,09:19:00,27.5,100.83,25.7,NA,4.8,3.9,3.9,3.6,3.2,3,3.2,3.5,3.5,3.3,5.3,NO,NA,NA,NA,2,Yes,2023-05-05T04:12:59Z,124.1756828703842,21,static-pvc,0.032429354496,3,3.3,2023-05-05T04:19:00Z,124.38819444441037,0.00417824069586458,6.3,2.043049333248,3.88,TOT,FALSE,09:12:59,09:19:00,YES,09:12:59,09:19:00,YES,QUI-02,2,10-A2,10A2,1008.3,PICO_CH4_with_LICOR_CO2,5,"Franco, Diego",NA,none.,CH4_QUI-02_2023-05-05_10_21_2,CO2_QUI-02_2023-05-05_10_21_2_10A-2,dG_QUI-02_2023-05-05_10_21_2_NA,Present,2023-05-05T09:53:35Z,2023-05-05T09:59:55Z,Gases de suelo_CH4_QUI_02_2023_05/Pico100002_230505_082329.txt,NA,NA,Gases de suelo_CH4_QUI_02_2023_05/Pico100002_230505_082329.txt,QUI-02_10_21_2,QUI,2,2023-05-05T04:12:59Z,124.38401620371451,0.004178240695864588,-895.1476985999944,97.50969287292003,9.734042427536233,2.214878163247051,0,0.9997850410818484,NA,1024.3268894511345,581.7980821917808,23.401233217335516,0,0.9975780302180884,21014.62404948292,916.1223874190423,29516.16268115942,59.94112583090306,3.1048388968244696e-9,0.12049469900177445,09:14:26,09:19:08,09:14:26,09:19:08,5.85343,13.4776,543.5,622.7,29356.1,29457,124.416631944412,1,6,TRUE,FALSE,281.7019995636656,102.62548238656566,83.54057309288815,1.3210098647064354,2.900569555346336e-170,0.9999875329955994,54,Success,1,13.4276,-9615.45093897435,1024.3268894511345,581.7980821917808,23.401233217335516,0,0.9975780302180884,280.9999975579558,1064.3527821844586,1527.79560990291,1.081334480694723,8.665889888266461e-10,0.9988811989965626,63,Success,09:55:05,09:59:46,09:55:05,09:59:46,543.5,622.7,124.416631944412,6,10-A2,10A2,FALSE,TRUE,623.2272727272727,FALSE,PICO_CH4_data_soil_QUI-02_2023-05-05.csv,2023-05-05T09:59:56Z,2.1977607280480003,3.241281871326425,3.1986267172419853,3.4113338458487075,3.3664408138309163,34.04925273856751,33.60116578418323,35.37973791063402,34.91414181873115,TRUE,TRUE,TRUE,FALSE,FALSE,FALSE,FALSE,FALSE,FALSE,FALSE,FALSE,FALSE,FALSE,FALSE,FALSE,FALSE,FALSE,FALSE,FALSE,2.0249191375099063e-4,0.0013031687784741397,FALSE,FALSE,FALSE,FALSE,FALSE,FALSE,FALSE,FALSE,no_classification,TRUE,TRUE,FALSE,FALSE,FALSE,TRUE,Linear_field,33.60116578418323,Linear_field,3.1986267172419853,Linear_field,Linear_field,TRUE,TRUE,3.1986267172419853,33.60116578418323
2023-05-05,10,B1,10B-1,09:22:00,09:27:59,27.5,100.83,25.7,NA,3.6,3.4,3.3,3.3,3.3,3.8,2.7,2.2,3,2.925,5.6,NO,NA,NA,NA,1,Yes,2023-05-05T04:22:00Z,124.18194444447975,22,static-pvc,0.032429354496,3,2.925,2023-05-05T04:27:59Z,124.39443287038102,0.00415509257095436,5.925,1.921439253888,3.38,TOT,FALSE,09:22:00,09:27:59,YES,09:22:00,09:27:59,YES,QUI-02,2,10-B1,10B1,1008.3,PICO_CH4_with_LICOR_CO2,5,"Franco, Diego",NA,none.,CH4_QUI-02_2023-05-05_10_22_1,CO2_QUI-02_2023-05-05_10_22_1_10B-1,dG_QUI-02_2023-05-05_10_22_1_NA,Present,2023-05-05T10:02:24Z,2023-05-05T10:08:56Z,Gases de suelo_CH4_QUI_02_2023_05/Pico100002_230505_082329.txt,NA,NA,Gases de suelo_CH4_QUI_02_2023_05/Pico100002_230505_082329.txt,QUI-02_10_22_1,QUI,2,2023-05-05T04:22:00Z,124.39027777781007,0.004155092570954366,-918.2222311415865,98.4634290844924,10.272606459854014,2.222057977771237,0,0.9993434398388237,NA,921.2190831968713,586.4169054441261,20.755951248624726,0,0.9963526064775341,50109.22125196338,-2230.5230557778586,29075.735401459853,100.91596595865977,1.2508943920585147e-18,0.2486390260214242,09:23:27,09:28:07,09:23:27,09:28:07,6.37973,13.9753,550.4,620.5,29178.6,29176.2,124.42285879632,1,7,TRUE,FALSE,279.75699897069717,105.00394542093278,65.6904178853324,1.7704051186177592,6.664582200929586e-97,0.9999233637707549,35,Success,1,6.256063,-8723.507176479981,921.2190831968713,586.4169054441261,20.755951248624726,0,0.9963526064775341,278.0000005694376,1014.4881877509882,959.5782717906554,2.4793305453668433,8.779349636832315e-29,0.9984157370555339,34,Success,10:04:06,10:08:45,10:04:06,10:08:45,550.4,620.5,124.42285879632,7,10-B1,10B1,FALSE,FALSE,556.9636363636364,FALSE,PICO_CH4_data_soil_QUI-02_2023-05-05.csv,2023-05-05T10:08:55Z,2.076150648688,3.0918785246858587,3.051189513326635,3.2972591638635165,3.253867350601261,28.927466028255534,28.546781604718284,31.856236070786704,31.43700913771111,TRUE,TRUE,TRUE,FALSE,FALSE,FALSE,FALSE,FALSE,FALSE,FALSE,FALSE,FALSE,FALSE,FALSE,FALSE,FALSE,FALSE,FALSE,FALSE,5.799239319311811e-4,0.0020631305779997833,FALSE,FALSE,FALSE,FALSE,FALSE,FALSE,FALSE,FALSE,no_classification,TRUE,TRUE,FALSE,FALSE,FALSE,TRUE,Linear_field,28.546781604718284,Linear_field,3.051189513326635,Linear_field,Linear_field,TRUE,TRUE,3.051189513326635,28.546781604718284
2023-05-05,10,B2,10B-2,09:29:00,09:34:59,27.5,100.83,25.7,NA,3.6,3.4,3.3,3.3,3.3,3.8,2.7,2.2,3,2.925,5.6,NO,NA,NA,NA,2,Yes,2023-05-05T04:29:00Z,124.18680555552442,22,static-pvc,0.032429354496,3,2.925,2023-05-05T04:34:59Z,124.39929398150866,0.00415509265394575,5.925,1.921439253888,3.38,TOT,FALSE,09:29:00,09:34:59,YES,09:29:00,09:34:59,YES,QUI-02,2,10-B2,10B2,1008.3,PICO_CH4_with_LICOR_CO2,5,"Franco, Diego",NA,none.,CH4_QUI-02_2023-05-05_10_22_2,CO2_QUI-02_2023-05-05_10_22_2_10B-2,dG_QUI-02_2023-05-05_10_22_2_NA,Present,2023-05-05T10:09:10Z,2023-05-05T10:16:03Z,Gases de suelo_CH4_QUI_02_2023_05/Pico100002_230505_082329.txt,NA,NA,Gases de suelo_CH4_QUI_02_2023_05/Pico100002_230505_082329.txt,QUI-02_10_22_2,QUI,2,2023-05-05T04:29:00Z,124.39513888885472,0.004155092653945758,-1103.2880086422629,116.97287764647864,13.400535547445255,2.637917741715845,0,0.9994620579212931,NA,968.3823725195145,603.7604456824513,22.502529859554503,0,0.9970841325745454,-22461.663513791827,5426.4850132310185,29342.598905109488,140.98443279964323,1.3947513608679855e-84,0.7530318653594906,09:30:27,09:35:07,09:30:27,09:35:07,8.83513,17.8432,561.9,641.6,29179.4,29457.4,124.42781250003,1,8,TRUE,FALSE,279.7570061411534,118.79380706605563,295.0136572941047,0.41510384510425424,8.59541651678105e-6,0.9997434048100818,73,Success,1,14.222480000000001,-9298.809498214303,968.3823725195145,603.7604456824513,22.502529859554503,0,0.9970841325745454,279.999998561879,1228.126246360085,781.8779969409383,5.5829504015795886,1.9714810303654283e-70,0.9981528154253638,11,Success,10:11:13,10:15:53,10:11:13,10:15:53,561.9,641.6,124.42781250003,8,10-B2,10B2,FALSE,FALSE,625.9090909090909,FALSE,PICO_CH4_data_soil_QUI-02_2023-05-05.csv,2023-05-05T10:16:03Z,2.076150648688,3.6730990554422474,3.6247612025812175,3.7302785851387767,3.681188251701695,30.40845407392977,30.008279900412962,38.56474634318669,38.057235653651134,TRUE,TRUE,TRUE,FALSE,FALSE,FALSE,FALSE,FALSE,FALSE,FALSE,FALSE,FALSE,FALSE,FALSE,FALSE,FALSE,FALSE,FALSE,FALSE,2.8134688878878045e-4,0.0010686828508184032,FALSE,FALSE,TRUE,FALSE,FALSE,FALSE,FALSE,TRUE,no_classification,TRUE,TRUE,FALSE,FALSE,FALSE,TRUE,Linear_field,30.008279900412962,Linear_field,3.6247612025812175,Linear_field,Linear_field,TRUE,TRUE,3.6247612025812175,30.008279900412962
2023-05-05,5,A1,5A-1,09:45:59,09:52:00,28.2,101.2,26.1,NA,4.3,4.1,4.3,4.1,3.9,6.4,6.3,6.6,6.4,6.425,-7,NO,NA,NA,NA,1,No,2023-05-05T04:45:59Z,124.19859953703394,15,static-pvc,0.032429354496,3,6.425,2023-05-05T04:52:00Z,124.4111111111431,0.00417824077885597,9.425,3.056466661248,4.14,TOT,FALSE,09:45:59,09:52:00,YES,09:45:59,09:52:00,YES,QUI-02,2,5-A1,5A1,1012,PICO_CH4_with_LICOR_CO2,5,"Franco, Diego",NA,none.,CH4_QUI-02_2023-05-05_5_15_1,CO2_QUI-02_2023-05-05_5_15_1_5A-1,dG_QUI-02_2023-05-05_5_15_1_NA,Present,2023-05-05T10:25:39Z,2023-05-05T10:33:03Z,Gases de suelo_CH4_QUI_02_2023_05/Pico100002_230505_082329.txt,NA,NA,Gases de suelo_CH4_QUI_02_2023_05/Pico100002_230505_082329.txt,QUI-02_5_15_1,QUI,2,2023-05-05T04:45:59Z,124.40693287036424,0.0041782407788559794,-2138.040504801831,219.29779496281662,17.681493563636362,4.967206464850608,0,0.9997401448434742,NA,5634.2318441169355,887.5784735812133,128.45820853346143,0,0.9996481371031811,25326.616575382504,384.62581744934965,29107.531636363638,32.364030834215946,5.986645170139367e-6,0.07244270827659452,09:47:27,09:52:08,09:47:27,09:52:08,8.9137,26.0522,663.1,1105.1,28991.2,29104.9,124.439629629665,1,9,TRUE,FALSE,280.8839939170866,234.93434371607842,143.76302413251057,1.7421988966382855,4.2876601516068156e-228,0.9999935201566925,43,Success,1,8.606005,-58322.85983764399,5634.2318441169355,887.5784735812133,128.45820853346143,0,0.9996481371031811,281.99999655396226,5975.041297572348,4642.029983586296,1.5016703792779267,2.0485164591962785e-168,0.9999281808759862,27,Success,10:28:12,10:32:54,10:28:12,10:32:54,663.1,1105.1,124.439629629665,9,5-A1,5A1,FALSE,FALSE,659.64,FALSE,PICO_CH4_data_soil_QUI-02_2023-05-05.csv,2023-05-05T10:33:04Z,3.211178056048,10.65092325014357,10.524822328585167,11.410363994617805,11.275271723154978,273.6451178425182,270.4053140499752,290.1976569699292,286.76188045379445,TRUE,TRUE,FALSE,FALSE,FALSE,FALSE,FALSE,FALSE,FALSE,FALSE,TRUE,FALSE,FALSE,FALSE,FALSE,FALSE,FALSE,FALSE,FALSE,2.533753132183403e-4,2.800437728051053e-4,FALSE,FALSE,FALSE,FALSE,FALSE,FALSE,FALSE,FALSE,no_classification,TRUE,TRUE,FALSE,FALSE,FALSE,TRUE,Linear_field,270.4053140499752,Linear_field,10.524822328585167,Linear_field,Linear_field,TRUE,TRUE,10.524822328585167,270.4053140499752
2023-05-05,5,A2,5A-2,09:52:39,09:58:40,28.2,101.2,26.1,NA,4.3,4.1,4.3,4.1,3.9,6.4,6.3,6.6,6.4,6.425,-7,NO,NA,NA,NA,2,No,2023-05-05T04:52:39Z,124.2032291666635,15,static-pvc,0.032429354496,3,6.425,2023-05-05T04:58:40Z,124.41574074077266,0.00417824077885597,9.425,3.056466661248,4.14,TOT,FALSE,09:52:39,09:58:40,YES,09:52:39,09:58:40,YES,QUI-02,2,5-A2,5A2,1012,PICO_CH4_with_LICOR_CO2,5,"Franco, Diego",NA,none.,CH4_QUI-02_2023-05-05_5_15_2,CO2_QUI-02_2023-05-05_5_15_2_5A-2,dG_QUI-02_2023-05-05_5_15_2_NA,Present,2023-05-05T10:33:29Z,2023-05-05T10:39:38Z,Gases de suelo_CH4_QUI_02_2023_05/Pico100002_230505_082329.txt,NA,NA,Gases de suelo_CH4_QUI_02_2023_05/Pico100002_230505_082329.txt,QUI-02_5_15_2,QUI,2,2023-05-05T04:52:39Z,124.4115624999938,0.0041782407788559794,-2131.0683507385397,216.2329563510884,18.52353258181818,4.894646204167472,0,0.9996519435207357,NA,5579.907720883806,961.735145631068,126.02319928683934,0,0.9995412596087327,25559.414578398064,353.9239183126825,29077.805090909093,27.566910826717567,9.450949549403474e-7,0.0844289285017981,09:54:07,09:58:48,09:54:07,09:58:48,9.88544,26.7827,740.2,1176.4,29009.9,29093.1,124.444212962961,1,10,TRUE,FALSE,280.6780010505463,232.51724902720758,134.24828428154237,1.8696681502460397,1.53769489908907e-306,0.9999977049416423,36,Success,1,27.12334,-58290.260590743375,5579.907720883806,961.735145631068,126.02319928683934,0,0.9995412596087327,280.9999975579174,5969.345887392609,4163.993210761082,1.7434890251638973,7.29540457052765e-200,0.999929003916151,27,Success,10:34:48,10:39:29,10:34:48,10:39:29,740.2,1176.4,124.444212962961,10,5-A2,5A2,FALSE,TRUE,1117.3899999999999,FALSE,PICO_CH4_data_soil_QUI-02_2023-05-05.csv,2023-05-05T10:39:39Z,3.211178056048,10.502069218879239,10.37773064506096,11.292969790887403,11.159267400557727,271.0066869942486,267.79812073422937,289.92104052372747,286.4885389902365,TRUE,TRUE,FALSE,FALSE,FALSE,FALSE,FALSE,FALSE,FALSE,FALSE,TRUE,FALSE,FALSE,FALSE,FALSE,FALSE,FALSE,FALSE,FALSE,3.4576142090658735e-4,3.877443074182807e-4,FALSE,FALSE,FALSE,FALSE,FALSE,FALSE,FALSE,FALSE,no_classification,TRUE,TRUE,FALSE,FALSE,FALSE,TRUE,Linear_field,267.79812073422937,Linear_field,10.37773064506096,Linear_field,Linear_field,TRUE,TRUE,10.37773064506096,267.79812073422937
2023-05-05,5,B1,5B-1,10:08:19,10:16:19,28.2,101.2,26,NA,3.9,3.7,3.6,3.6,3.8,8,8.2,8.3,8.1,8.15,1.7,NO,NA,NA,NA,1,Possibly,2023-05-05T05:08:19Z,124.21410879632616,16,static-pvc,0.032429354496,3,8.15,2023-05-05T05:16:19Z,124.42799768519535,0.00555555553887643,11.15,3.615873026304,3.72,TOT,FALSE,10:08:19,10:16:19,YES,10:08:19,10:16:19,YES,QUI-02,2,5-B1,5B1,1012,PICO_CH4_with_LICOR_CO2,5,"Franco, Diego",NA,none.,CH4_QUI-02_2023-05-05_5_16_1,CO2_QUI-02_2023-05-05_5_16_1_5B-1,dG_QUI-02_2023-05-05_5_16_1_NA,Present,2023-05-05T10:48:47Z,2023-05-05T10:56:57Z,Gases de suelo_CH4_QUI_02_2023_05/Pico100002_230505_082329.txt,NA,NA,Gases de suelo_CH4_QUI_02_2023_05/Pico100002_230505_082329.txt,QUI-02_5_16_1,QUI,2,2023-05-05T05:08:19Z,124.42244212965647,0.005555555538876433,-37.5759165266294,4.226930659744746,5.605334209115282,0.12972595291998884,0,0.9988461819315845,NA,257.86271385012907,550.5004273504273,8.65423311966746,1.544067392571943e-211,0.9843801396448739,29151.68302115248,-36.854467915713435,28775.187131367293,34.28874067648054,0.5255921037553737,0.0010868743176828833,10:09:26,10:16:07,10:09:46,10:16:07,5.36752,5.83554,537.5,564.2,28738.1,28837.6,124.456226851823,1,11,FALSE,FALSE,381.132995178632,4.845494405942402,7.460788568343762,2.314798243866174,5.727336249180848e-67,0.9992504882690582,33,Success,2,43.60786,-2256.5626488129496,257.86271385012907,550.5004273504273,8.65423311966746,1.544067392571943e-211,0.9843801396448739,399.00000099816,270.3784450025705,757.3492257163444,1.2298357846000343,0.003736264902876458,0.9926401077021594,27,Success,10:50:07,10:56:47,10:50:07,10:56:47,537.5,564.2,124.456226851823,11,5-B1,5B1,FALSE,FALSE,639.34,FALSE,PICO_CH4_data_soil_QUI-02_2023-05-05.csv,2023-05-05T10:56:57Z,3.770584421104,0.24105846976753068,0.2382044735013633,0.27633466474563384,0.27306301823531964,14.705704023677653,14.531596785647759,15.419466146241438,15.236908367416637,TRUE,TRUE,TRUE,FALSE,FALSE,FALSE,FALSE,FALSE,FALSE,FALSE,FALSE,FALSE,FALSE,FALSE,FALSE,FALSE,FALSE,FALSE,FALSE,4.0430633747368105e-4,0.00825996805728546,FALSE,FALSE,FALSE,FALSE,FALSE,FALSE,FALSE,FALSE,no_classification,TRUE,TRUE,FALSE,FALSE,FALSE,FALSE,Exponential_field,15.236908367416637,Linear_field,0.2382044735013633,Linear_field,Exponential_field,TRUE,TRUE,0.2382044735013633,15.236908367416637
2023-05-05,5,B2,5B-2,10:17:00,10:22:59,28.2,101.2,26,NA,3.9,3.7,3.6,3.6,3.8,8,8.2,8.3,8.1,8.15,1.7,NO,NA,NA,NA,2,Possibly,2023-05-05T05:17:00Z,124.22013888892366,16,static-pvc,0.032429354496,3,8.15,2023-05-05T05:22:59Z,124.43262731482491,0.00415509257095436,11.15,3.615873026304,3.72,TOT,FALSE,10:17:00,10:22:59,YES,10:17:00,10:22:59,YES,QUI-02,2,5-B2,5B2,1012,PICO_CH4_with_LICOR_CO2,5,"Franco, Diego",NA,none.,CH4_QUI-02_2023-05-05_5_16_2,CO2_QUI-02_2023-05-05_5_16_2_5B-2,dG_QUI-02_2023-05-05_5_16_2_NA,Present,2023-05-05T10:57:13Z,2023-05-05T11:03:54Z,Gases de suelo_CH4_QUI_02_2023_05/Pico100002_230505_082329.txt,NA,NA,Gases de suelo_CH4_QUI_02_2023_05/Pico100002_230505_082329.txt,QUI-02_5_16_2,QUI,2,2023-05-05T05:17:00Z,124.42847222225396,0.004155092570954366,-41.53580819113682,4.434705701760645,4.34711894160584,0.10014246723325892,0,0.9984653577109722,NA,263.15875215893175,539.5333333333333,6.282212000939678,2.090188405972434e-109,0.9492970014028964,8768.543592213864,1945.938479553045,28901.864598540145,62.76086560352261,1.347101583552637e-41,0.4894635202826241,10:18:26,10:23:06,10:18:26,10:23:06,4.17177,4.51189,531.3,549.4,28946.6,29007.8,124.460844907391,1,12,FALSE,FALSE,279.75699897069717,4.7768791432604605,6.422608298874286,2.122266688659744,2.465960338060456e-52,0.9996692450821183,13,Success,1,5.838005,-2359.1855584872173,263.15875215893175,539.5333333333333,6.282212000939678,2.090188405972434e-109,0.9492970014028964,278.99999956584054,242.04084827048294,8981.749970147306,0.028642362137582564,0.9848040849482131,0.9743298032194878,91,Success,10:58:47,11:03:26,10:58:47,11:03:26,531.3,549.4,124.460844907391,12,5-B2,5B2,FALSE,FALSE,590.82,FALSE,PICO_CH4_data_soil_QUI-02_2023-05-05.csv,2023-05-05T11:03:36Z,3.770584421104,0.2529077139865644,0.2499134293547129,0.272421591275485,0.26919627334712776,15.007732846319206,14.830049757447293,13.80339570293331,13.639971286298653,TRUE,TRUE,TRUE,FALSE,FALSE,FALSE,TRUE,FALSE,FALSE,FALSE,FALSE,FALSE,FALSE,FALSE,FALSE,FALSE,FALSE,FALSE,FALSE,0.001203887371146073,0.0250328018165914,FALSE,FALSE,FALSE,FALSE,FALSE,TRUE,FALSE,FALSE,no_classification,TRUE,TRUE,FALSE,FALSE,FALSE,TRUE,Linear_field,14.830049757447293,Linear_field,0.2499134293547129,Linear_field,Linear_field,TRUE,TRUE,0.2499134293547129,14.830049757447293
2023-05-05,6,A1,6A-1,10:29:59,10:35:59,27.8,100.67,25.9,NA,4.1,4,3.7,3.8,3.7,4.2,4.3,4.5,3.8,4.2,4.5,NO,NA,NA,NA,1,Yes,2023-05-05T05:29:59Z,124.22915509262224,17,static-pvc,0.032429354496,3,4.2,2023-05-05T05:35:59Z,124.44165509258596,0.00416666663340947,7.2,2.334913523712,3.86,TOT,FALSE,10:29:59,10:35:59,YES,10:29:59,10:35:59,YES,QUI-02,2,6-A1,6A1,1006.7,PICO_CH4_with_LICOR_CO2,5,"Franco, Diego",NA,none.,CH4_QUI-02_2023-05-05_6_17_1,CO2_QUI-02_2023-05-05_6_17_1_6A-1,dG_QUI-02_2023-05-05_6_17_1_NA,Present,2023-05-05T11:09:25Z,2023-05-05T11:16:58Z,Gases de suelo_CH4_QUI_02_2023_05/Pico100002_230505_082329.txt,NA,NA,Gases de suelo_CH4_QUI_02_2023_05/Pico100002_230505_082329.txt,QUI-02_6_17_1,QUI,2,2023-05-05T05:29:59Z,124.43748842595255,0.004166666633409477,-1721.8231978648284,169.72257264286353,71.00382945454545,3.8401869301233043,0,0.9998630178499165,NA,1031.660561795014,600.510824742268,23.48092934125256,0,0.9954092705846469,5927.292725846914,2208.745047901505,29258.88472727273,55.33449498491492,3.2428854523410483e-102,0.8155776195143181,10:31:27,10:36:08,10:31:27,10:36:08,64.2732,77.5583,559,638.4,29151.8,29393,124.470127314775,1,13,TRUE,FALSE,280.6789977439621,176.86872780957637,247.15886215506615,0.9671000215402993,1.1497984016097333e-53,0.9999325973322899,62,Success,1,64.01173,-10995.277076635535,1031.660561795014,600.510824742268,23.48092934125256,0,0.9954092705846469,279.999998561879,1241.0371717832681,815.6440502748485,4.835635856175902,2.134930568102803e-97,0.9987794205650605,27,Success,11:12:08,11:16:48,11:12:08,11:16:48,559,638.4,124.470127314775,13,6-A1,6A1,FALSE,FALSE,703.02,FALSE,PICO_CH4_data_soil_QUI-02_2023-05-05.csv,2023-05-05T11:16:58Z,2.489624918512,6.390901606865494,6.2905128449975996,6.6599900011002235,6.555374378549444,38.847167111880005,38.23695289668267,46.73124105901299,45.99718321881329,FALSE,FALSE,TRUE,FALSE,FALSE,FALSE,FALSE,FALSE,FALSE,FALSE,TRUE,FALSE,FALSE,FALSE,FALSE,FALSE,FALSE,FALSE,FALSE,6.957948237340528e-5,0.003370149980413628,FALSE,FALSE,TRUE,FALSE,FALSE,FALSE,FALSE,TRUE,no_classification,TRUE,TRUE,FALSE,FALSE,FALSE,TRUE,Linear_field,38.23695289668267,Linear_field,6.2905128449975996,Linear_field,Linear_field,TRUE,TRUE,6.2905128449975996,38.23695289668267
2023-05-05,6,A2,6A-2,10:36:39,10:42:39,27.8,100.67,25.9,NA,4.1,4,3.7,3.8,3.7,4.2,4.3,4.5,3.8,4.2,4.5,NO,NA,NA,NA,2,Yes,2023-05-05T05:36:39Z,124.2337847222518,17,static-pvc,0.032429354496,3,4.2,2023-05-05T05:42:39Z,124.44628472221552,0.00416666663340947,7.2,2.334913523712,3.86,TOT,FALSE,10:36:39,10:42:39,YES,10:36:39,10:42:39,YES,QUI-02,2,6-A2,6A2,1006.7,PICO_CH4_with_LICOR_CO2,5,"Franco, Diego",NA,none.,CH4_QUI-02_2023-05-05_6_17_2,CO2_QUI-02_2023-05-05_6_17_2_6A-2,dG_QUI-02_2023-05-05_6_17_2_NA,Present,2023-05-05T11:17:14Z,2023-05-05T11:23:53Z,Gases de suelo_CH4_QUI_02_2023_05/Pico100002_230505_082329.txt,NA,NA,Gases de suelo_CH4_QUI_02_2023_05/Pico100002_230505_082329.txt,QUI-02_6_17_2,QUI,2,2023-05-05T05:36:39Z,124.44211805558211,0.004166666633409477,-1867.212704211942,181.3657170622978,68.76482810218978,4.093575046120245,0,0.9998424571427215,NA,993.3411478713757,575.8749326145553,22.85711296667019,0,0.9974932319416305,14452.837075501204,1386.2211325911771,29249.971897810217,62.23551138782265,5.932539111482556e-19,0.2527057935785842,10:38:08,10:42:47,10:38:08,10:42:47,61.6809,75.7841,534.7,615.4,29144.1,29271.3,124.474872685195,1,14,TRUE,FALSE,279.85899871055153,183.69533956276237,630.2427737435518,0.3230876849924299,2.621374464525141e-10,0.9999256049206022,91,Success,1,77.98211,-10703.523470075763,993.3411478713757,575.8749326145553,22.85711296667019,0,0.9974932319416305,279.999998561879,1172.0698549737217,833.447671614654,3.923276953554104,1.911633457345802e-65,0.998739779418421,25,Success,11:18:59,11:23:39,11:18:59,11:23:39,534.7,615.4,124.474872685195,14,6-A2,6A2,FALSE,FALSE,642.2181818181818,FALSE,PICO_CH4_data_soil_QUI-02_2023-05-05.csv,2023-05-05T11:23:49Z,2.489624918512,6.829324081969653,6.722048546973616,6.917045991611793,6.8083925142784505,37.40425000188521,36.816701236895206,44.134277502805276,43.44101296096331,FALSE,FALSE,TRUE,FALSE,FALSE,FALSE,FALSE,FALSE,FALSE,FALSE,TRUE,FALSE,FALSE,FALSE,FALSE,FALSE,FALSE,FALSE,FALSE,8.314777788076544e-5,0.0012465474767904272,FALSE,FALSE,TRUE,FALSE,FALSE,FALSE,FALSE,TRUE,no_classification,TRUE,TRUE,FALSE,FALSE,FALSE,TRUE,Linear_field,36.816701236895206,Linear_field,6.722048546973616,Linear_field,Linear_field,TRUE,TRUE,6.722048546973616,36.816701236895206
2023-05-05,6,B1,6B-1,10:49:59,10:55:59,27.8,100.67,26,NA,4.4,4.1,4.1,4.1,4,3.5,3.2,3.6,4.1,3.6,5.4,NO,NA,NA,NA,1,Yes,2023-05-05T05:49:59Z,124.24304398151094,18,static-pvc,0.032429354496,3,3.6,2023-05-05T05:55:59Z,124.45554398147465,0.00416666663340947,6.6,2.140337396736,4.14,TOT,FALSE,10:49:59,10:55:59,YES,10:49:59,10:55:59,YES,QUI-02,2,6-B1,6B1,1006.7,PICO_CH4_with_LICOR_CO2,5,"Franco, Diego",NA,none.,CH4_QUI-02_2023-05-05_6_18_1,CO2_QUI-02_2023-05-05_6_18_1_6B-1,dG_QUI-02_2023-05-05_6_18_1_NA,Present,2023-05-05T11:25:08Z,2023-05-05T11:37:02Z,Gases de suelo_CH4_QUI_02_2023_05/Pico100002_230505_082329.txt,NA,NA,Gases de suelo_CH4_QUI_02_2023_05/Pico100002_230505_082329.txt,QUI-02_6_18_1,QUI,2,2023-05-05T05:49:59Z,124.45137731484124,0.004166666633409477,-2147.945274159626,199.90652406820803,30.321039416058394,4.524998061535742,2.6506194438978055e-303,0.9939069243543031,NA,1009.6616956636229,584.4795698924731,22.806727191891092,0,0.995750234985302,10240.34170139999,1734.1520720798467,29136.398540145987,45.89436187674332,1.1296213060150108e-78,0.7270834554141615,10:51:27,10:56:07,10:51:27,10:56:07,21.6281,37.4413,544.2,622.4,29081.1,29188.7,124.484074074059,1,15,TRUE,FALSE,280.0640020541323,271.6049155346155,55.6941753561029,7.972885420332335,1.2978452794980606e-154,0.999455692118835,58,Success,1,586.8655,-11102.79183620071,1009.6616956636229,584.4795698924731,22.806727191891092,0,0.995750234985302,278.00000056944396,1130.2299225472404,919.0696765548014,3.014994258630078,1.3416881470786246e-40,0.998405875653043,33,Success,11:32:13,11:36:53,11:32:13,11:36:53,544.2,622.4,124.484074074059,15,6-B1,6B1,FALSE,TRUE,746.04,FALSE,PICO_CH4_data_soil_QUI-02_2023-05-05.csv,2023-05-05T11:37:03Z,2.2950487915360003,6.939169463065553,6.830168468582975,9.427969120473726,9.27987387426991,35.04744849740613,34.49692054724902,39.232621353101905,38.61635239376776,TRUE,FALSE,TRUE,FALSE,FALSE,FALSE,FALSE,FALSE,FALSE,FALSE,TRUE,FALSE,FALSE,FALSE,FALSE,FALSE,FALSE,FALSE,FALSE,0.005548767764531948,0.0026556406677409328,FALSE,FALSE,FALSE,FALSE,FALSE,FALSE,FALSE,FALSE,no_classification,FALSE,FALSE,FALSE,FALSE,FALSE,TRUE,Linear_field,34.49692054724902,Exponential_field,9.27987387426991,Exponential_field,Linear_field,TRUE,TRUE,9.27987387426991,34.49692054724902
2023-05-05,6,B2,6B-2,10:57:00,11:02:59,27.8,100.67,26,NA,4.4,4.1,4.1,4.1,4,3.5,3.2,3.6,4.1,3.6,5.4,NO,NA,NA,NA,2,Yes,2023-05-05T05:57:00Z,124.24791666670104,18,static-pvc,0.032429354496,3,3.6,2023-05-05T06:02:59Z,124.46040509260229,0.00415509257095436,6.6,2.140337396736,4.14,TOT,FALSE,10:57:00,11:02:59,YES,10:57:00,11:02:59,YES,QUI-02,2,6-B2,6B2,1006.7,PICO_CH4_with_LICOR_CO2,5,"Franco, Diego",NA,none.,CH4_QUI-02_2023-05-05_6_18_2,CO2_QUI-02_2023-05-05_6_18_2_6B-2,dG_QUI-02_2023-05-05_6_18_2_NA,Present,2023-05-05T11:37:40Z,2023-05-05T11:44:12Z,Gases de suelo_CH4_QUI_02_2023_05/Pico100002_230505_082329.txt,NA,NA,Gases de suelo_CH4_QUI_02_2023_05/Pico100002_230505_082329.txt,QUI-02_6_18_2,QUI,2,2023-05-05T05:57:00Z,124.45625000003133,0.004155092570954366,-1073.1813636496913,103.21239233273133,64.09993220338983,2.004643776914051,0,0.9996852486641713,NA,955.1475187827532,599.8869806094183,21.70991381379486,0,0.9942050148691793,19395.90606306335,908.3684484629106,29405.076694915253,27.924157300531505,1.0886299987401565e-27,0.3990597674182536,10:58:28,11:03:08,10:59:07,11:03:08,60.9197,67.5042,560.3,636.5,29363,29431.1,124.489050925894,1,16,TRUE,FALSE,240.6400019353896,88.18128327396118,37.66606413768434,-3.7921503456956533,8.42713688389959e-34,0.9992127089451691,25,Success,3,44.60257,-10569.752596181133,955.1475187827532,599.8869806094183,21.70991381379486,0,0.9942050148691793,278.99999956547606,1239.8893435512723,745.5488908578112,6.6930999576291965,5.675527355334466e-109,0.998393950832162,24,Success,11:39:24,11:44:03,11:39:24,11:44:03,560.3,636.5,124.489050925894,16,6-B2,6B2,FALSE,TRUE,625.83,FALSE,PICO_CH4_data_soil_QUI-02_2023-05-05.csv,2023-05-05T11:44:13Z,2.2950487915360003,3.5827158939588206,3.526438323931365,3.0609549686323545,3.0128732583609468,33.15514851730735,32.634344957192596,43.039126964239394,42.363065129212295,FALSE,FALSE,TRUE,FALSE,FALSE,FALSE,FALSE,FALSE,FALSE,FALSE,FALSE,FALSE,FALSE,FALSE,FALSE,FALSE,FALSE,FALSE,FALSE,-4.7253971900218517e-4,0.004188935962982643,TRUE,FALSE,TRUE,FALSE,FALSE,FALSE,TRUE,TRUE,no_classification,TRUE,TRUE,FALSE,FALSE,FALSE,TRUE,Linear_field,32.634344957192596,Linear_field,3.526438323931365,Linear_field,Linear_field,TRUE,TRUE,3.526438323931365,32.634344957192596
2023-05-05,15,A1,15A-1,11:11:19,11:17:20,29.1,100.65,26.1,NA,4.7,4.6,4.4,4.4,4.3,5.1,5.7,5.7,5.8,5.575,3.4,NO,NA,NA,NA,1,Yes,2023-05-05T06:11:19Z,124.25785879630894,27,static-pvc,0.032429354496,3,5.575,2023-05-05T06:17:20Z,124.4703703703351,0.00417824069586458,8.575,2.780817148032,4.48,TOT,FALSE,11:11:19,11:17:20,YES,11:11:19,11:17:20,YES,QUI-02,2,15-A1,15A1,1006.5,PICO_CH4_with_LICOR_CO2,5,"Franco, Diego",NA,none.,CH4_QUI-02_2023-05-05_15_27_1,CO2_QUI-02_2023-05-05_15_27_1_15A-1,dG_QUI-02_2023-05-05_15_27_1_NA,Present,2023-05-05T11:51:21Z,2023-05-05T11:58:10Z,Gases de suelo_CH4_QUI_02_2023_05/Pico100002_230505_082329.txt,NA,NA,Gases de suelo_CH4_QUI_02_2023_05/Pico100002_230505_082329.txt,QUI-02_15_27_1,QUI,2,2023-05-05T06:11:19Z,124.46619212963924,0.004178240695864588,-448.8877085603429,42.760241440234424,32.182646545454546,0.9704833771599913,0,0.9997082165512288,NA,521.2515952781736,605.3837638376384,11.981514861387538,1.4028116034625604e-267,0.9893901233537318,43029.96345231957,-1234.3891138465908,29142.576727272728,94.84904816683863,6.138279837561651e-7,0.08721825194099601,11:12:40,11:17:22,11:12:40,11:17:22,30.5194,33.8668,584.5,625.2,29367.9,29296.6,124.498553240713,1,17,FALSE,FALSE,281.49800008395687,42.658917450270685,963.3775904224783,0.04572926291288825,0.5267011926168578,0.9998498856763444,98,Success,1,45.83814,-5609.009705513852,521.2515952781736,605.3837638376384,11.981514861387538,1.4028116034625604e-267,0.9893901233537318,281.00000472839923,607.8052023506526,738.5703873536808,3.944983930983361,1.183805114830495e-19,0.995258077044151,11,Success,11:53:03,11:57:44,11:53:03,11:57:44,584.5,625.2,124.498553240713,17,15-A1,15A1,FALSE,FALSE,589.4,FALSE,PICO_CH4_data_soil_QUI-02_2023-05-05.csv,2023-05-05T11:57:54Z,2.935528542832,1.8985194867939037,1.8602903367927373,1.894020785127433,1.8558822223138174,23.14314133471825,22.677124194658646,26.986050171168063,26.44265108197843,TRUE,FALSE,TRUE,FALSE,FALSE,FALSE,FALSE,FALSE,FALSE,FALSE,FALSE,FALSE,FALSE,FALSE,FALSE,FALSE,FALSE,FALSE,FALSE,1.4166912511559548e-4,0.005867953690419259,FALSE,FALSE,TRUE,FALSE,FALSE,FALSE,FALSE,TRUE,no_classification,TRUE,TRUE,FALSE,FALSE,FALSE,FALSE,Exponential_field,26.44265108197843,Linear_field,1.8602903367927373,Linear_field,Exponential_field,TRUE,TRUE,1.8602903367927373,26.44265108197843
2023-05-05,15,A2,15A-2,11:17:39,11:23:40,29.1,100.65,26.1,NA,4.7,4.6,4.4,4.4,4.3,5.1,5.7,5.7,5.8,5.575,3.4,NO,NA,NA,NA,2,Yes,2023-05-05T06:17:39Z,124.26225694444042,27,static-pvc,0.032429354496,3,5.575,2023-05-05T06:23:40Z,124.47476851854958,0.00417824077885597,8.575,2.780817148032,4.48,TOT,FALSE,11:17:39,11:23:40,YES,11:17:39,11:23:40,YES,QUI-02,2,15-A2,15A2,1006.5,PICO_CH4_with_LICOR_CO2,5,"Franco, Diego",NA,none.,CH4_QUI-02_2023-05-05_15_27_2,CO2_QUI-02_2023-05-05_15_27_2_15A-2,dG_QUI-02_2023-05-05_15_27_2_NA,Present,2023-05-05T11:58:23Z,2023-05-05T12:04:54Z,Gases de suelo_CH4_QUI_02_2023_05/Pico100002_230505_082329.txt,NA,NA,Gases de suelo_CH4_QUI_02_2023_05/Pico100002_230505_082329.txt,QUI-02_15_27_2,QUI,2,2023-05-05T06:17:39Z,124.47059027777073,0.0041782407788559794,-669.9647809717195,59.71309149134483,8.249800436363637,1.3521427215241044,0,0.9997967874631282,NA,593.3289021492712,543.1630718954249,13.693939393260418,4.8832399514e-314,0.9911377561644171,3575.183956818072,2271.2044741539657,29371.269090909092,107.27194086346995,3.3014123854782554e-17,0.2298041606052154,11:19:07,11:23:48,11:19:07,11:23:48,5.87848,10.5496,519.9,566.2,29431.8,29524.4,124.503425925903,1,18,TRUE,FALSE,280.88400108754286,62.702099212002075,56.50076641420561,1.2386263769075163,5.57736471469111e-107,0.9999645760755769,45,Success,1,33.92505,-6599.756397652732,593.3289021492712,543.1630718954249,13.693939393260418,4.8832399514e-314,0.9911377561644171,281.00000472839923,682.5653222453225,698.0365425882956,3.8316973728565578,3.9254972788853195e-27,0.9966053650138148,24,Success,12:00:04,12:04:45,12:00:04,12:04:45,519.9,566.2,124.503425925903,18,15-A2,15A2,FALSE,TRUE,629.41,FALSE,PICO_CH4_data_soil_QUI-02_2023-05-05.csv,2023-05-05T12:04:55Z,2.935528542832,2.6512120604247897,2.5978264701014377,2.7839215403695343,2.7278636727002428,26.343314370262576,25.8128575992924,30.30533789440177,29.695100645714064,TRUE,TRUE,TRUE,FALSE,FALSE,FALSE,FALSE,FALSE,FALSE,FALSE,FALSE,FALSE,FALSE,FALSE,FALSE,FALSE,FALSE,FALSE,FALSE,1.677886124487049e-4,0.005467608849397676,FALSE,FALSE,FALSE,FALSE,FALSE,FALSE,FALSE,FALSE,no_classification,TRUE,TRUE,FALSE,FALSE,FALSE,FALSE,Exponential_field,29.695100645714064,Linear_field,2.5978264701014377,Linear_field,Exponential_field,TRUE,TRUE,2.5978264701014377,29.695100645714064
2023-05-05,15,B1,15B-1,11:25:59,11:32:00,29.1,100.65,26.1,NA,4.7,4.5,4.3,4.3,4.1,2.4,2.4,2.8,2.8,2.5999999999999996,3.7,NO,NA,NA,NA,1,Yes,2023-05-05T06:25:59Z,124.26804398147738,28,static-pvc,0.032429354496,3,2.5999999999999996,2023-05-05T06:32:00Z,124.48055555558653,0.00417824077885597,5.6,1.8160438517759996,4.38,TOT,FALSE,11:25:59,11:32:00,YES,11:25:59,11:32:00,YES,QUI-02,2,15-B1,15B1,1006.5,PICO_CH4_with_LICOR_CO2,5,"Franco, Diego",NA,none.,CH4_QUI-02_2023-05-05_15_28_1,CO2_QUI-02_2023-05-05_15_28_1_15B-1,dG_QUI-02_2023-05-05_15_28_1_NA,Present,2023-05-05T12:06:41Z,2023-05-05T12:13:05Z,Gases de suelo_CH4_QUI_02_2023_05/Pico100002_230505_082329.txt,NA,NA,Gases de suelo_CH4_QUI_02_2023_05/Pico100002_230505_082329.txt,QUI-02_15_28_1,QUI,2,2023-05-05T06:25:59Z,124.47637731480768,0.0041782407788559794,-2918.777031907167,258.6231393436707,55.132566480446926,3.8911737347250313,1.8713465400291445e-126,0.9608199674961837,NA,946.8628162637316,562.6753351206435,21.545047399059367,0,0.9916625241601393,35180.355970219956,-494.362392262278,29495.678770949722,22.05216737922601,6.179053160403591e-6,0.10930921994551294,11:27:26,11:32:08,11:28:25,11:31:27,46.5569,60.154,522.6,600.5,29533,29529.7,124.509016203713,1,19,TRUE,FALSE,182.37400038196938,538.4486896802284,63.76118476222525,31.29735976368389,1.9892329104493246e-188,0.9996981303145471,12,Success,4,93.48606,-10964.034749700591,946.8628162637316,562.6753351206435,21.545047399059367,0,0.9916625241601393,281.9999965543204,1248.5667966044496,695.3738051622362,7.226597778708607,2.921443421253469e-110,0.9979808603088781,18,Success,12:08:07,12:12:49,12:08:07,12:12:49,522.6,600.5,124.509016203713,19,15-B1,15B1,FALSE,FALSE,567.6800000000001,FALSE,PICO_CH4_data_soil_QUI-02_2023-05-05.csv,2023-05-05T12:12:59Z,1.9707552465759997,7.708833640968232,7.553606286366629,16.049651951005107,15.726471411553474,28.22333666631524,27.655023210248455,37.21628988452643,36.46689166218577,TRUE,FALSE,TRUE,FALSE,FALSE,FALSE,FALSE,FALSE,FALSE,FALSE,TRUE,FALSE,FALSE,FALSE,FALSE,FALSE,FALSE,FALSE,FALSE,0.038878162818363426,0.006318336148738779,FALSE,FALSE,FALSE,FALSE,FALSE,FALSE,FALSE,FALSE,no_classification,FALSE,FALSE,FALSE,FALSE,FALSE,FALSE,Exponential_field,36.46689166218577,Exponential_field,15.726471411553474,Exponential_field,Exponential_field,TRUE,TRUE,15.726471411553474,36.46689166218577
2023-05-05,15,B2,15B-2,11:32:39,11:38:40,29.1,100.65,26.1,NA,4.7,4.5,4.3,4.3,4.1,2.4,2.4,2.8,2.8,2.5999999999999996,3.7,NO,NA,NA,NA,2,Yes,2023-05-05T06:32:39Z,124.27267361110694,28,static-pvc,0.032429354496,3,2.5999999999999996,2023-05-05T06:38:40Z,124.4851851852161,0.00417824077885597,5.6,1.8160438517759996,4.38,TOT,FALSE,11:32:39,11:38:40,YES,11:32:39,11:38:40,YES,QUI-02,2,15-B2,15B2,1006.5,PICO_CH4_with_LICOR_CO2,5,"Franco, Diego",NA,none.,CH4_QUI-02_2023-05-05_15_28_2,CO2_QUI-02_2023-05-05_15_28_2_15B-2,dG_QUI-02_2023-05-05_15_28_2_NA,Present,2023-05-05T12:13:17Z,2023-05-05T12:19:54Z,Gases de suelo_CH4_QUI_02_2023_05/Pico100002_230505_082329.txt,NA,NA,Gases de suelo_CH4_QUI_02_2023_05/Pico100002_230505_082329.txt,QUI-02_15_28_2,QUI,2,2023-05-05T06:32:39Z,124.48100694443724,0.0041782407788559794,-945.3781048424385,82.80686544767273,16.03780737327189,1.5041434208240736,6.856835713569258e-171,0.9731594624059002,NA,1065.2520345422697,577.2565333333333,24.117678379354473,0,0.9975563594709435,19851.492262322783,827.4833465738094,29458.855760368664,22.871577390129474,2.919646698275774e-27,0.4202968208827092,11:34:07,11:38:48,11:34:46,11:38:28,12.7666,18.1498,535.6,619.3,29440.7,29544.6,124.513831018508,1,20,TRUE,FALSE,221.7990043645841,161.2635356293613,19.79412920618919,22.94740169664972,3.1903945657609003e-215,0.9997549548210398,9,Success,3,62.36674,-12513.860863663873,1065.2520345422697,577.2565333333333,24.117678379354473,0,0.9975563594709435,281.00000472839923,1136.4493789423843,1179.3729299218578,1.7652953799724516,3.806284572276399e-26,0.999010898177272,36,Success,12:15:03,12:19:44,12:15:03,12:19:44,535.6,619.3,124.513831018508,20,15-B2,15B2,FALSE,TRUE,603.94,FALSE,PICO_CH4_data_soil_QUI-02_2023-05-05.csv,2023-05-05T12:19:54Z,1.9707552465759997,2.4682414407547935,2.4185402009550083,4.806815707503797,4.710024244477811,31.75218868980244,31.112817225494915,33.87438272492267,33.192278133742064,TRUE,FALSE,TRUE,FALSE,FALSE,FALSE,FALSE,FALSE,FALSE,FALSE,FALSE,FALSE,FALSE,FALSE,FALSE,FALSE,FALSE,FALSE,FALSE,0.026595492415139588,0.001454538706328501,FALSE,FALSE,FALSE,FALSE,FALSE,FALSE,FALSE,FALSE,no_classification,FALSE,FALSE,FALSE,FALSE,FALSE,TRUE,Linear_field,31.112817225494915,Exponential_field,4.710024244477811,Exponential_field,Linear_field,TRUE,TRUE,4.710024244477811,31.112817225494915
2023-05-05,7,A1,7A-1,11:47:59,11:54:00,28.8,100.3,26.1,NA,4.5,4.2,4.3,4.1,4.2,4.8,5,4.5,4,4.575,0.4,NO,NA,NA,NA,1,Possibly,2023-05-05T06:47:59Z,124.28332175927152,19,static-pvc,0.032429354496,3,4.575,2023-05-05T06:54:00Z,124.4958333332977,0.00417824069586458,7.575,2.456523603072,4.26,TOT,FALSE,11:47:59,11:54:00,YES,11:47:59,11:54:00,YES,QUI-02,2,7-A1,7A1,1003,PICO_CH4_with_LICOR_CO2,5,"Franco, Diego",NA,none.,CH4_QUI-02_2023-05-05_7_19_1,CO2_QUI-02_2023-05-05_7_19_1_7A-1,dG_QUI-02_2023-05-05_7_19_1_NA,Present,2023-05-05T12:29:05Z,2023-05-05T12:35:13Z,Gases de suelo_CH4_QUI_02_2023_05/Pico100002_230505_082329.txt,NA,NA,Gases de suelo_CH4_QUI_02_2023_05/Pico100002_230505_082329.txt,QUI-02_7_19_1,QUI,2,2023-05-05T06:47:59Z,124.49165509260183,0.004178240695864588,-850.5345884028704,72.77821894478343,12.861864456521738,1.6530793509474355,0,0.9994643836187301,NA,1037.045935508518,546.238144329897,23.443489449763707,0,0.9963478743801155,-24510.173055857817,4633.6122977626965,30460.180434782607,114.09574152435354,4.576088156009422e-115,0.8504570650124257,11:49:27,11:54:09,11:49:27,11:54:09,9.97519,15.7219,504.4,584.5,30232,30580.7,124.524421296277,1,21,TRUE,FALSE,281.7019995636656,75.66268728940085,87.83787259472642,0.9717451899676189,1.724427022849654e-24,0.9997678081873421,42,Success,1,9.909898,-12462.063517475439,1037.045935508518,546.238144329897,23.443489449763707,0,0.9963478743801155,280.0000057323608,1202.773136900169,814.4294729989422,3.879544500287793,9.947234767966775e-77,0.9988624355982743,26,Success,12:30:19,12:34:59,12:30:19,12:34:59,504.4,584.5,124.524421296277,21,7-A1,7A1,FALSE,FALSE,515.4,FALSE,PICO_CH4_data_soil_QUI-02_2023-05-05.csv,2023-05-05T12:35:09Z,2.611234997872,2.874325739631606,2.8094420886459472,2.988245834521214,2.9207906059390583,40.95741650223673,40.032863421504146,47.502698423446454,46.43039528713633,TRUE,TRUE,TRUE,FALSE,FALSE,FALSE,FALSE,FALSE,FALSE,FALSE,FALSE,FALSE,FALSE,FALSE,FALSE,FALSE,FALSE,FALSE,FALSE,3.034245686119874e-4,0.0025145612181587396,FALSE,FALSE,TRUE,FALSE,FALSE,FALSE,FALSE,TRUE,no_classification,TRUE,TRUE,FALSE,FALSE,FALSE,TRUE,Linear_field,40.032863421504146,Linear_field,2.8094420886459472,Linear_field,Linear_field,TRUE,TRUE,2.8094420886459472,40.032863421504146
2023-05-05,7,A2,7A-2,11:54:19,12:00:20,28.8,100.3,26.1,NA,4.5,4.2,4.3,4.1,4.2,4.8,5,4.5,4,4.575,0.4,NO,NA,NA,NA,2,Possibly,2023-05-05T06:54:19Z,124.28771990740302,19,static-pvc,0.032429354496,3,4.575,2023-05-05T07:00:20Z,124.50023148151217,0.00417824077885597,7.575,2.456523603072,4.26,TOT,FALSE,11:54:19,12:00:20,YES,11:54:19,12:00:20,YES,QUI-02,2,7-A2,7A2,1003,PICO_CH4_with_LICOR_CO2,5,"Franco, Diego",NA,none.,CH4_QUI-02_2023-05-05_7_19_2,CO2_QUI-02_2023-05-05_7_19_2_7A-2,dG_QUI-02_2023-05-05_7_19_2_NA,Present,2023-05-05T12:35:28Z,2023-05-05T12:41:18Z,Gases de suelo_CH4_QUI_02_2023_05/Pico100002_230505_082329.txt,NA,NA,Gases de suelo_CH4_QUI_02_2023_05/Pico100002_230505_082329.txt,QUI-02_7_19_2,QUI,2,2023-05-05T06:54:19Z,124.49605324073332,0.0041782407788559794,-1897.210755087056,159.47654863314108,10.581114255319148,3.1052059894576827,1.9626104478312937e-222,0.9871791625312364,NA,923.7628482879114,550.7470422535212,21.37286576349876,0,0.9965175087775878,-9650.602998723203,3379.2429071934002,30774.72723404255,66.52107389565592,7.687064046091794e-173,0.9658361847635629,11:55:46,12:00:27,11:55:46,11:59:46,5.55534,15.4919,511,586.4,30691.7,30870.7,124.528668981513,1,22,FALSE,FALSE,239.71899985554046,135.32173119319265,-22.5471832661773,-4.815287577968441,1.2849955038162666e-9,0.9943729738088946,43,Success,3,15.97215,-11131.426103104945,923.7628482879114,550.7470422535212,21.37286576349876,0,0.9965175087775878,281.9999965543204,1139.7889089718,740.9902350037029,4.95581435861157,2.5818663132483228e-68,0.998216255382433,26,Success,12:36:25,12:41:07,12:36:25,12:41:07,511,586.4,124.528668981513,22,7-A2,7A2,FALSE,FALSE,588.76,FALSE,PICO_CH4_data_soil_QUI-02_2023-05-05.csv,2023-05-05T12:41:17Z,2.611234997872,6.298416686338889,6.156239248199592,5.344438772199199,5.223795974054115,36.48337882744612,35.65982052784956,45.01517962798531,43.99902854817997,TRUE,FALSE,TRUE,FALSE,FALSE,FALSE,FALSE,FALSE,FALSE,FALSE,TRUE,FALSE,FALSE,FALSE,FALSE,FALSE,FALSE,FALSE,FALSE,0.007193811277658169,0.0016987466048451472,TRUE,FALSE,TRUE,FALSE,FALSE,FALSE,TRUE,TRUE,no_classification,TRUE,TRUE,FALSE,FALSE,FALSE,TRUE,Linear_field,35.65982052784956,Linear_field,6.156239248199592,Linear_field,Linear_field,TRUE,TRUE,6.156239248199592,35.65982052784956
2023-05-05,7,B1,7B-1,12:01:19,12:07:20,28.8,100.3,26.2,NA,4.2,4.1,3.7,3.8,3.8,5.2,5.2,5,5.3,5.175,0.4,NO,NA,NA,NA,1,Possibly,2023-05-05T07:01:19Z,124.29258101853064,20,static-pvc,0.032429354496,3,5.175,2023-05-05T07:07:20Z,124.50509259255682,0.00417824069586458,8.175,2.6510997300479997,3.92,TOT,FALSE,12:01:19,12:07:20,YES,12:01:19,12:07:20,YES,QUI-02,2,7-B1,7B1,1003,PICO_CH4_with_LICOR_CO2,5,"Franco, Diego",NA,none.,CH4_QUI-02_2023-05-05_7_20_1,CO2_QUI-02_2023-05-05_7_20_1_7B-1,dG_QUI-02_2023-05-05_7_20_1_NA,Present,2023-05-05T12:42:08Z,2023-05-05T12:48:28Z,Gases de suelo_CH4_QUI_02_2023_05/Pico100002_230505_082329.txt,NA,NA,Gases de suelo_CH4_QUI_02_2023_05/Pico100002_230505_082329.txt,QUI-02_7_20_1,QUI,2,2023-05-05T07:01:19Z,124.50091435186096,0.004178240695864588,-2339.553183187459,202.3028519871598,105.38281490909091,4.584169808469043,0,0.9994498385434242,NA,2779.6209003114323,722.227731092437,62.86662998928479,0,0.9988925876091947,-8915.765174111468,3284.415368833334,30778.116,79.53946570338256,2.6316657392780796e-125,0.8750426016405125,12:02:47,12:07:28,12:02:47,12:07:28,97.1793,113.066,610.6,828.1,30678.6,30823.8,124.533668981474,1,23,TRUE,FALSE,280.88300439412706,224.80778175715238,182.08672389493117,2.6476811030722254,3.918339486998965e-180,0.999965947060254,27,Success,1,96.87086,-34761.05888224161,2779.6209003114323,722.227731092437,62.86662998928479,0,0.9988925876091947,280.0000057323608,3157.3263258854713,1591.4473771245284,3.218978201421664,2.6314310512724304e-177,0.9997605961056235,37,Success,12:43:38,12:48:18,12:43:38,12:48:18,610.6,828.1,124.533668981474,23,7-B1,7B1,FALSE,TRUE,609.11,FALSE,PICO_CH4_data_soil_QUI-02_2023-05-05.csv,2023-05-05T12:48:28Z,2.8058111248479998,8.585172803851956,8.39137522963266,9.54021970070046,9.324863355783862,117.95941344359703,115.29665420694619,133.9881857305611,130.96360067422103,FALSE,FALSE,TRUE,FALSE,FALSE,FALSE,FALSE,FALSE,FALSE,FALSE,TRUE,FALSE,FALSE,FALSE,FALSE,FALSE,FALSE,FALSE,FALSE,5.161085168298163e-4,8.680084964287627e-4,FALSE,FALSE,FALSE,FALSE,FALSE,FALSE,FALSE,FALSE,no_classification,TRUE,TRUE,FALSE,FALSE,FALSE,TRUE,Linear_field,115.29665420694619,Linear_field,8.39137522963266,Linear_field,Linear_field,TRUE,TRUE,8.39137522963266,115.29665420694619
2023-05-05,7,B2,7B-2,12:07:59,12:14:00,28.8,100.3,26.2,NA,4.2,4.1,3.7,3.8,3.8,5.2,5.2,5,5.3,5.175,0.4,NO,NA,NA,NA,2,Possibly,2023-05-05T07:07:59Z,124.29721064816022,20,static-pvc,0.032429354496,3,5.175,2023-05-05T07:14:00Z,124.50972222218638,0.00417824069586458,8.175,2.6510997300479997,3.92,TOT,FALSE,12:07:59,12:14:00,YES,12:07:59,12:14:00,YES,QUI-02,2,7-B2,7B2,1003,PICO_CH4_with_LICOR_CO2,5,"Franco, Diego",NA,none.,CH4_QUI-02_2023-05-05_7_20_2,CO2_QUI-02_2023-05-05_7_20_2_7B-2,dG_QUI-02_2023-05-05_7_20_2_NA,Present,2023-05-05T12:48:40Z,2023-05-05T12:55:02Z,Gases de suelo_CH4_QUI_02_2023_05/Pico100002_230505_082329.txt,NA,NA,Gases de suelo_CH4_QUI_02_2023_05/Pico100002_230505_082329.txt,QUI-02_7_20_2,QUI,2,2023-05-05T07:07:59Z,124.50554398149052,0.004178240695864588,-3394.687165283181,282.008469192016,47.15569908675799,5.083088976103998,0,0.9998833576128013,NA,2700.9711970875196,724.117697228145,60.91859783520365,0,0.9988429693918953,43502.17508680355,-1058.9720219946057,30577.686301369864,54.030005208799416,7.786812748273252e-8,0.12478989373653471,12:09:27,12:14:08,12:10:25,12:14:08,38.1779,55.8214,614.5,824.8,30662.7,30591,124.538217592583,1,24,TRUE,FALSE,223.23199853053666,300.0588039236858,202.45245008962917,1.8265690197293,2.6494993617738266e-66,0.9999399323061794,42,Success,4,113.8773,-34052.62216397436,2700.9711970875196,724.117697228145,60.91859783520365,0,0.9988429693918953,280.0000057323608,2983.9835237420248,1770.7717471577173,2.5806939684179664,2.7169635330854088e-148,0.9997657224025313,27,Success,12:50:11,12:54:51,12:50:11,12:54:51,614.5,824.8,124.538217592583,24,7-B2,7B2,FALSE,FALSE,836.51,FALSE,PICO_CH4_data_soil_QUI-02_2023-05-05.csv,2023-05-05T12:55:01Z,2.8058111248479998,11.967658470365437,11.69750628663755,12.733664689835798,12.446221049015323,114.62173784230689,112.03432169423901,126.63199724341177,123.77346725863298,TRUE,FALSE,TRUE,FALSE,FALSE,FALSE,FALSE,FALSE,FALSE,FALSE,TRUE,FALSE,FALSE,FALSE,FALSE,FALSE,FALSE,FALSE,FALSE,5.65746933780531e-5,9.22753010635935e-4,FALSE,FALSE,FALSE,FALSE,FALSE,FALSE,FALSE,FALSE,no_classification,TRUE,TRUE,FALSE,FALSE,FALSE,TRUE,Linear_field,112.03432169423901,Linear_field,11.69750628663755,Linear_field,Linear_field,TRUE,TRUE,11.69750628663755,112.03432169423901
2023-05-05,13,A1,13A-1,12:20:40,12:26:39,29.6,100.47,26,NA,4.5,4.5,4.4,4.2,4.2,6.1,7.3,8.3,6.8,7.125,3.4,NO,NA,NA,NA,1,Yes,2023-05-05T07:20:40Z,124.30601851848564,25,static-pvc,0.032429354496,3,7.125,2023-05-05T07:26:39Z,124.51850694446989,0.00415509265394575,10.125,3.2834721427199995,4.36,TOT,FALSE,12:20:40,12:26:39,YES,12:20:40,12:26:39,YES,QUI-02,2,13-A1,13A1,1004.7,PICO_CH4_with_LICOR_CO2,5,"Franco, Diego",NA,none.,CH4_QUI-02_2023-05-05_13_25_1,CO2_QUI-02_2023-05-05_13_25_1_13A-1,dG_QUI-02_2023-05-05_13_25_1_NA,Present,2023-05-05T13:00:47Z,2023-05-05T13:10:21Z,Gases de suelo_CH4_QUI_02_2023_05/Pico100002_230505_082329.txt,NA,NA,Gases de suelo_CH4_QUI_02_2023_05/Pico100002_230505_082329.txt,QUI-02_13_25_1,QUI,2,2023-05-05T07:20:40Z,124.51435185181595,0.004155092653945758,-1668.9414407759898,135.8816833043325,17.021094525547444,3.0656532785453146,0,0.9997943971543415,NA,754.8025652806089,568.7136222910217,17.260774838296907,1.4401534668015011e-229,0.961755871525845,-92106.56862118377,9963.131393024976,31511.757664233577,236.43534339795954,3.220172027030924e-140,0.9036533300299415,12:22:07,12:26:47,12:22:07,12:26:47,11.6476,22.2134,538.9,597.9,30993.1,31928.5,124.548761574102,1,25,TRUE,FALSE,279.75699897069717,143.27383318861914,116.45160732628399,1.3670644552986213,8.922337036928736e-181,0.9999892872394417,40,Success,1,59.45508,-9340.961898948191,754.8025652806089,568.7136222910217,17.260774838296907,1.4401534668015011e-229,0.961755871525845,279.999998561879,766.8746517935822,3192.459562575617,0.2889984693048431,0.6960184793386276,0.9806787472789033,95,Success,13:05:23,13:10:03,13:05:23,13:10:03,538.9,597.9,124.548761574102,25,13-A1,13A1,FALSE,FALSE,538.63,FALSE,PICO_CH4_data_soil_QUI-02_2023-05-05.csv,2023-05-05T13:10:13Z,3.4381835375199996,7.066080450754607,6.899999026958955,7.450484915846631,7.275368434875954,39.25102722464348,38.328469587160804,39.878796416449035,38.941483667994056,TRUE,TRUE,TRUE,FALSE,FALSE,FALSE,FALSE,FALSE,FALSE,FALSE,TRUE,FALSE,FALSE,FALSE,FALSE,FALSE,FALSE,FALSE,FALSE,1.9489008510020778e-4,0.018922875753058288,FALSE,FALSE,FALSE,FALSE,FALSE,TRUE,FALSE,FALSE,no_classification,TRUE,TRUE,FALSE,FALSE,FALSE,TRUE,Linear_field,38.328469587160804,Linear_field,6.899999026958955,Linear_field,Linear_field,TRUE,TRUE,6.899999026958955,38.328469587160804
2023-05-05,13,A2,13A-2,12:29:59,12:35:59,29.6,100.47,26,NA,4.5,4.5,4.4,4.2,4.2,6.1,7.3,8.3,6.8,7.125,3.4,NO,NA,NA,NA,2,Yes,2023-05-05T07:29:59Z,124.31248842595436,25,static-pvc,0.032429354496,3,7.125,2023-05-05T07:35:59Z,124.52498842591808,0.00416666663340947,10.125,3.2834721427199995,4.36,TOT,FALSE,12:29:59,12:35:59,YES,12:29:59,12:35:59,YES,QUI-02,2,13-A2,13A2,1004.7,PICO_CH4_with_LICOR_CO2,5,"Franco, Diego",NA,none.,CH4_QUI-02_2023-05-05_13_25_2,CO2_QUI-02_2023-05-05_13_25_2_13A-2,dG_QUI-02_2023-05-05_13_25_2_NA,Present,2023-05-05T13:10:42Z,2023-05-05T13:16:55Z,Gases de suelo_CH4_QUI_02_2023_05/Pico100002_230505_082329.txt,NA,NA,Gases de suelo_CH4_QUI_02_2023_05/Pico100002_230505_082329.txt,QUI-02_13_25_2,QUI,2,2023-05-05T07:29:59Z,124.52082175928467,0.004166666633409477,-1751.041115899352,140.45636687310875,13.551609854014599,3.1679345956293554,0,0.9998834170473184,NA,779.1311172794523,545.0002985074627,18.008890849000814,0,0.9962527042115668,-51635.54881689771,6610.018171011736,31407.963138686133,204.03121051293263,5.455428907093064e-47,0.5338644624639856,12:31:27,12:36:07,12:31:27,12:36:07,8.00099,18.9675,514.3,575.9,31234.7,31891.6,124.553425925919,1,26,TRUE,FALSE,279.75600227728137,146.97417410054337,137.22709072451377,1.137341243576367,1.5704634189740311e-145,0.9999871379200482,49,Success,1,28.17735,-9770.973493915635,779.1311172794523,545.0002985074627,18.008890849000814,0,0.9962527042115668,279.00000673595787,831.3232218604866,986.0316224790431,1.7622800385772706,8.336716242262087e-15,0.998341781502981,34,Success,13:12:06,13:16:45,13:12:06,13:16:45,514.3,575.9,124.553425925919,26,13-A2,13A2,FALSE,FALSE,602.14,FALSE,PICO_CH4_data_soil_QUI-02_2023-05-05.csv,2023-05-05T13:16:55Z,3.4381835375199996,7.30397183793532,7.132299005923041,7.642908986133679,7.463269762492784,40.51615363089482,39.56386041421857,43.230232533183695,42.214147502710894,TRUE,TRUE,TRUE,FALSE,FALSE,FALSE,FALSE,FALSE,FALSE,FALSE,TRUE,FALSE,FALSE,FALSE,FALSE,FALSE,FALSE,FALSE,FALSE,1.0372087272980668e-4,0.0020890772914142763,FALSE,FALSE,FALSE,FALSE,FALSE,FALSE,FALSE,FALSE,no_classification,TRUE,TRUE,FALSE,FALSE,FALSE,TRUE,Linear_field,39.56386041421857,Linear_field,7.132299005923041,Linear_field,Linear_field,TRUE,TRUE,7.132299005923041,39.56386041421857
2023-05-05,13,B1,13B-1,12:36:39,12:42:39,29.6,100.47,26.1,NA,4.5,4.4,4.2,4.6,4.2,6.6,6.5,6.6,6.1,6.449999999999999,2.1,NO,NA,NA,NA,1,Possibly,2023-05-05T07:36:39Z,124.31711805558392,26,static-pvc,0.032429354496,3,6.449999999999999,2023-05-05T07:42:39Z,124.52961805554764,0.00416666663340947,9.45,3.0645739998719996,4.38,TOT,FALSE,12:36:39,12:42:39,YES,12:36:39,12:42:39,YES,QUI-02,2,13-B1,13B1,1004.7,PICO_CH4_with_LICOR_CO2,5,"Franco, Diego",NA,none.,CH4_QUI-02_2023-05-05_13_26_1,CO2_QUI-02_2023-05-05_13_26_1_13B-1,dG_QUI-02_2023-05-05_13_26_1_NA,Present,2023-05-05T13:17:17Z,2023-05-05T13:23:40Z,Gases de suelo_CH4_QUI_02_2023_05/Pico100002_230505_082329.txt,NA,NA,Gases de suelo_CH4_QUI_02_2023_05/Pico100002_230505_082329.txt,QUI-02_13_26_1,QUI,2,2023-05-05T07:36:39Z,124.52545138891423,0.004166666633409477,346.4948004884999,-3.4285279945728075,303.1148686868687,0.16182883396298609,6.217357458806497e-7,0.11933117140953409,NA,929.2179193964229,683.4051630434783,21.408214840187963,0,0.9940535351595108,-20974.256069250863,4165.476902357774,31730.02525252525,82.29206725858978,1.5299015314736709e-50,0.6811830461953469,12:36:30,12:41:10,12:37:28,12:40:50,303.23,303.016,643.8,717.7,31499.1,31850.2,124.558032407424,1,27,FALSE,FALSE,201.8300008130609,-7.5207975202207065,303.01786772923674,35.45333999942575,0.10288927061826346,0.38746782235818367,28,Success,4,19.27054,-11721.551656141759,929.2179193964229,683.4051630434783,21.408214840187963,0,0.9940535351595108,279.999998561879,1259.669560758932,808.780255412844,7.63527464305807,7.553409272049068e-102,0.9978312155518508,24,Success,13:18:44,13:23:24,13:18:44,13:23:24,643.8,717.7,124.558032407424,27,13-B1,13B1,FALSE,FALSE,645.17,FALSE,PICO_CH4_data_soil_QUI-02_2023-05-05.csv,2023-05-05T13:23:34Z,3.2192853946719997,-0.16693822141866613,-0.16301449911004662,-0.3661946362004242,-0.35758758353659525,45.24448597763904,44.18105785756064,61.33448418131703,59.892876131196815,FALSE,FALSE,TRUE,FALSE,TRUE,TRUE,FALSE,FALSE,FALSE,FALSE,FALSE,TRUE,FALSE,FALSE,FALSE,FALSE,FALSE,FALSE,FALSE,0.2681366509486496,0.003777680392340055,FALSE,FALSE,FALSE,FALSE,FALSE,FALSE,FALSE,FALSE,no_classification,FALSE,FALSE,FALSE,FALSE,FALSE,TRUE,Linear_field,44.18105785756064,Exponential_field,-0.35758758353659525,Exclude - rsq below limit of 0.85,Linear_field,FALSE,TRUE,NA,44.18105785756064
2023-05-05,13,B2,13B-2,12:43:19,12:49:19,29.6,100.47,26.1,NA,4.5,4.4,4.2,4.6,4.2,6.6,6.5,6.6,6.1,6.449999999999999,2.1,NO,NA,NA,NA,2,Possibly,2023-05-05T07:43:19Z,124.3217476852135,26,static-pvc,0.032429354496,3,6.449999999999999,2023-05-05T07:49:19Z,124.5342476851772,0.00416666663340947,9.45,3.0645739998719996,4.38,TOT,FALSE,12:43:19,12:49:19,YES,12:43:19,12:49:19,YES,QUI-02,2,13-B2,13B2,1004.7,PICO_CH4_with_LICOR_CO2,5,"Franco, Diego",NA,none.,CH4_QUI-02_2023-05-05_13_26_2,CO2_QUI-02_2023-05-05_13_26_2_13B-2,dG_QUI-02_2023-05-05_13_26_2_NA,Present,2023-05-05T13:23:56Z,2023-05-05T13:30:34Z,Gases de suelo_CH4_QUI_02_2023_05/Pico100002_230505_082329.txt,NA,NA,Gases de suelo_CH4_QUI_02_2023_05/Pico100002_230505_082329.txt,QUI-02_13_26_2,QUI,2,2023-05-05T07:43:19Z,124.5300810185438,0.004166666633409477,-2023.2251514749328,164.59833505607264,81.23580436363636,3.8770748670613013,3.038039308155091e-154,0.9232904697244627,NA,974.0530743626659,567.3825966850828,22.126999360911388,0,0.9968882550284451,-28725.63955812982,4710.27588582401,31497.276363636363,109.78702801139723,8.510161511083191e-172,0.9429452654997252,12:44:47,12:49:27,12:44:47,12:49:27,75.5052,89.3275,529.4,605.8,31315.3,31605.5,124.562881944406,1,28,TRUE,FALSE,280.6780010505463,151.4149656770636,15811.94241727384,0.009621934341710832,0.9942064240555955,0.9608598169274949,90,Success,1,303.2014,-12549.496987556666,974.0530743626659,567.3825966850828,22.126999360911388,0,0.9968882550284451,279.9999985618854,1057.4106964443833,1017.1726666570737,2.1678350771298773,9.434823215224512e-27,0.9986735073977222,38,Success,13:25:42,13:30:22,13:25:42,13:30:22,529.4,605.8,124.562881944406,28,13-B2,13B2,FALSE,FALSE,721.6800000000001,FALSE,PICO_CH4_data_soil_QUI-02_2023-05-05.csv,2023-05-05T13:30:32Z,3.2192853946719997,8.014446242302933,7.826074392855163,7.372535708125921,7.199251348299664,47.427551432826455,46.31281245921851,51.48631169205108,50.276175462864884,FALSE,FALSE,TRUE,FALSE,FALSE,FALSE,FALSE,FALSE,FALSE,FALSE,TRUE,FALSE,FALSE,FALSE,FALSE,FALSE,FALSE,FALSE,FALSE,0.03756934720303218,0.0017852523692770683,FALSE,FALSE,TRUE,FALSE,FALSE,FALSE,FALSE,TRUE,no_classification,FALSE,TRUE,FALSE,FALSE,FALSE,TRUE,Linear_field,46.31281245921851,Linear_field,7.826074392855163,Linear_field,Linear_field,TRUE,TRUE,7.826074392855163,46.31281245921851
